ROWS,COLS,NUM OF CORES,MIN_CORE,WORKLOAD,NUM_OF_TEST,CONFIDENCE,EXECUTION TIME,MTTF[Hours],MTTF[Years]
44,44,1936,968,0.5,100000,-nan,295.2951989,96179.58912,10.97940515
45,45,2025,1012,0.4997000098,100000,-nan,323.9313719,96275.23072,10.99032314
