ROWS,COLS,NUM OF CORES,MIN_CORE,WORKLOAD,NUM_OF_TEST,CONFIDENCE,EXECUTION TIME,MTTF[Hours],MTTF[Years]
4,4,16,8,0.5,100000,63.19523781,1.62808919,115807.4976,13.22003398
28,28,784,392,0.5,100000,8.171652909,3462.441234,99003.51552,11.30177118
30,30,900,450,0.5,100000,7.61049155,4550.033506,98865.1224,11.28597288
32,32,1024,512,0.5,100000,7.123812812,5912.760227,98747.14692,11.27250536
34,34,1156,578,0.5,100000,6.728185939,7511.204225,98641.42815,11.260437
36,36,1296,648,0.5,100000,6.35648094,9442.525863,98555.11566,11.25058398
