ROWS,COLS,NUM OF CORES,MIN_CORE,WORKLOAD,NUM_OF_TEST,CONFIDENCE,EXECUTION TIME,MTTF[Hours],MTTF[Years]
4,4,16,6,0.375,100000,0,0.582182169,0,0
5,5,25,6,0.24,100000,0,1.230021,0,0
6,6,36,6,0.1666,100000,0,2.538598061,0,0
7,7,49,6,0.1224,100000,0,4.527930975,0,0
