ROWS,COLS,NUM OF CORES,MIN_CORE,WORKLOAD,NUM_OF_TEST,CONFIDENCE,EXECUTION TIME,MTTF[Hours],MTTF[Years]
DINAMIC
4,4,16,8,0.5,100000,-nan,13.43962002,112309.9034,12.82076522
DINAMIC
5,5,25,12,0.4799999893,100000,-nan,21.82533598,116374.6099,13.28477282
DINAMIC
6,6,36,18,0.5,100000,-nan,29.12916398,105899.9398,12.08903423
DINAMIC
7,7,49,24,0.4896999896,100000,-nan,34.47933292,120446.7507,13.74962908
DINAMIC
8,8,64,32,0.5,100000,-nan,40.83853912,132515.7376,15.12736731
DINAMIC
9,9,81,40,0.4938000143,100000,-nan,46.40670991,155688.8269,17.77269713
DINAMIC
10,10,100,50,0.5,100000,-nan,50.80423188,172920.4634,19.73977892
DINAMIC
11,11,121,60,0.4957999885,100000,-nan,55.33006215,196359.7824,22.41550027
DINAMIC
12,12,144,72,0.5,100000,-nan,59.66693711,214670.8275,24.50580223
DINAMIC
13,13,169,84,0.4970000088,100000,-nan,64.60811806,238434.4064,27.21853954
DINAMIC
14,14,196,98,0.5,100000,-nan,69.88762307,253179.5763,28.90177812
DINAMIC
15,15,225,112,0.4977000058,100000,-nan,75.79196095,272577.4541,31.11614773
DINAMIC
16,16,256,128,0.5,100000,-nan,81.51780987,286550.1594,32.71120541
DINAMIC
17,17,289,144,0.4981999993,100000,-nan,89.21967506,304596.4595,34.77128533
DINAMIC
18,18,324,162,0.5,100000,-nan,97.380404,319032.791,36.41926838
DINAMIC
19,19,361,180,0.4986000061,100000,-nan,107.119175,336579.8298,38.422355
DINAMIC
20,20,400,200,0.5,100000,-nan,116.9546001,349664.3789,39.91602499
DINAMIC
22,22,484,242,0.5,100000,-nan,142.5232921,380734.6278,43.46285706
DINAMIC
24,24,576,288,0.5,100000,-nan,172.001215,412023.0298,47.03459244
DINAMIC
26,26,676,338,0.5,100000,-nan,212.6244931,445153.0752,50.8165611
DINAMIC
28,28,784,392,0.5,100000,-nan,268.7727239,477000.5402,54.45211646
out of memory in ./src/montecarlo_gpu.h at line 1519
out of memory in ./src/montecarlo_gpu.h at line 1483
out of memory in ./src/montecarlo_gpu.h at line 1483
out of memory in ./src/montecarlo_gpu.h at line 1483
out of memory in ./src/montecarlo_gpu.h at line 1483
out of memory in ./src/./simulation-utils/simulation_config.h at line 207
out of memory in ./src/./simulation-utils/simulation_config.h at line 198
out of memory in ./src/./simulation-utils/simulation_config.h at line 197
out of memory in ./src/./simulation-utils/simulation_config.h at line 196
